<?xml version="1.0" encoding="UTF-8"?>
<GenRun Id="synth_1" LaunchPart="xc7a100tcsg324-1" LaunchTime="1643470369">
  <File Type="PA-TCL" Name="RobertsonOnBoard.tcl"/>
  <File Type="RDS-PROPCONSTRS" Name="RobertsonOnBoard_drc_synth.rpt"/>
  <File Type="REPORTS-TCL" Name="RobertsonOnBoard_reports.tcl"/>
  <File Type="RDS-RDS" Name="RobertsonOnBoard.vds"/>
  <File Type="RDS-UTIL" Name="RobertsonOnBoard_utilization_synth.rpt"/>
  <File Type="RDS-UTIL-PB" Name="RobertsonOnBoard_utilization_synth.pb"/>
  <File Type="RDS-DCP" Name="RobertsonOnBoard.dcp"/>
  <File Type="VDS-TIMINGSUMMARY" Name="RobertsonOnBoard_timing_summary_synth.rpt"/>
  <File Type="VDS-TIMING-PB" Name="RobertsonOnBoard_timing_summary_synth.pb"/>
  <FileSet Name="sources" Type="DesignSrcs" RelSrcDir="$PSRCDIR/sources_1">
    <Filter Type="Srcs"/>
    <File Path="$PSRCDIR/sources_1/new/ButtonDebouncer.vhd">
      <FileInfo>
        <Attr Name="UsedIn" Val="synthesis"/>
        <Attr Name="UsedIn" Val="simulation"/>
      </FileInfo>
    </File>
    <File Path="$PSRCDIR/sources_1/imports/RobertsonMultiplier/FFD.vhd">
      <FileInfo>
        <Attr Name="ImportPath" Val="$PPRDIR/../../RobertsonMultiplier/FFD.vhd"/>
        <Attr Name="ImportTime" Val="1642703055"/>
        <Attr Name="UsedIn" Val="synthesis"/>
        <Attr Name="UsedIn" Val="simulation"/>
      </FileInfo>
    </File>
    <File Path="$PSRCDIR/sources_1/imports/RobertsonMultiplier/Robertson.vhd">
      <FileInfo>
        <Attr Name="ImportPath" Val="$PPRDIR/../../RobertsonMultiplier/Robertson.vhd"/>
        <Attr Name="ImportTime" Val="1642703055"/>
        <Attr Name="UsedIn" Val="synthesis"/>
        <Attr Name="UsedIn" Val="simulation"/>
      </FileInfo>
    </File>
    <File Path="$PSRCDIR/sources_1/imports/RobertsonMultiplier/adder_sub.vhd">
      <FileInfo>
        <Attr Name="ImportPath" Val="$PPRDIR/../../RobertsonMultiplier/adder_sub.vhd"/>
        <Attr Name="ImportTime" Val="1642703055"/>
        <Attr Name="UsedIn" Val="synthesis"/>
        <Attr Name="UsedIn" Val="simulation"/>
      </FileInfo>
    </File>
    <File Path="$PSRCDIR/sources_1/imports/Display7Seg - Vivado/anodes_manager.vhd">
      <FileInfo>
        <Attr Name="ImportPath" Val="$PPRDIR/../ASD/ESEMPI VHDL/ROMonDisplay/ROMonDisplay/ROMonDisplay.srcs/sources_1/imports/Display7Seg - Vivado/anodes_manager.vhd"/>
        <Attr Name="ImportTime" Val="1636814303"/>
        <Attr Name="UsedIn" Val="synthesis"/>
        <Attr Name="UsedIn" Val="simulation"/>
      </FileInfo>
    </File>
    <File Path="$PSRCDIR/sources_1/imports/Display7Seg - Vivado/cathodes_manager.vhd">
      <FileInfo>
        <Attr Name="ImportPath" Val="$PPRDIR/../ASD/ESEMPI VHDL/ROMonDisplay/ROMonDisplay/ROMonDisplay.srcs/sources_1/imports/Display7Seg - Vivado/cathodes_manager.vhd"/>
        <Attr Name="ImportTime" Val="1636814303"/>
        <Attr Name="UsedIn" Val="synthesis"/>
        <Attr Name="UsedIn" Val="simulation"/>
      </FileInfo>
    </File>
    <File Path="$PSRCDIR/sources_1/imports/Display7Seg - Vivado/clock_filter.vhd">
      <FileInfo>
        <Attr Name="ImportPath" Val="$PPRDIR/../ASD/ESEMPI VHDL/ROMonDisplay/ROMonDisplay/ROMonDisplay.srcs/sources_1/imports/Display7Seg - Vivado/clock_filter.vhd"/>
        <Attr Name="ImportTime" Val="1636814303"/>
        <Attr Name="UsedIn" Val="synthesis"/>
        <Attr Name="UsedIn" Val="simulation"/>
      </FileInfo>
    </File>
    <File Path="$PSRCDIR/sources_1/imports/RobertsonMultiplier/cont_mod8.vhd">
      <FileInfo>
        <Attr Name="ImportPath" Val="$PPRDIR/../../RobertsonMultiplier/cont_mod8.vhd"/>
        <Attr Name="ImportTime" Val="1642703055"/>
        <Attr Name="UsedIn" Val="synthesis"/>
        <Attr Name="UsedIn" Val="simulation"/>
      </FileInfo>
    </File>
    <File Path="$PSRCDIR/sources_1/imports/Display7Seg - Vivado/counter_mod4.vhd">
      <FileInfo>
        <Attr Name="ImportPath" Val="$PPRDIR/../ASD/ESEMPI VHDL/ROMonDisplay/ROMonDisplay/ROMonDisplay.srcs/sources_1/imports/Display7Seg - Vivado/counter_mod4.vhd"/>
        <Attr Name="ImportTime" Val="1636814303"/>
        <Attr Name="UsedIn" Val="synthesis"/>
        <Attr Name="UsedIn" Val="simulation"/>
      </FileInfo>
    </File>
    <File Path="$PSRCDIR/sources_1/imports/Display7Seg - Vivado/display_seven_segments.vhd">
      <FileInfo>
        <Attr Name="ImportPath" Val="$PPRDIR/../ASD/ESEMPI VHDL/ROMonDisplay/ROMonDisplay/ROMonDisplay.srcs/sources_1/imports/Display7Seg - Vivado/display_seven_segments.vhd"/>
        <Attr Name="ImportTime" Val="1636814303"/>
        <Attr Name="UsedIn" Val="synthesis"/>
        <Attr Name="UsedIn" Val="simulation"/>
      </FileInfo>
    </File>
    <File Path="$PSRCDIR/sources_1/imports/RobertsonMultiplier/full_adder.vhd">
      <FileInfo>
        <Attr Name="ImportPath" Val="$PPRDIR/../../RobertsonMultiplier/full_adder.vhd"/>
        <Attr Name="ImportTime" Val="1642703055"/>
        <Attr Name="UsedIn" Val="synthesis"/>
        <Attr Name="UsedIn" Val="simulation"/>
      </FileInfo>
    </File>
    <File Path="$PSRCDIR/sources_1/imports/RobertsonMultiplier/mux_21.vhd">
      <FileInfo>
        <Attr Name="ImportPath" Val="$PPRDIR/../../RobertsonMultiplier/mux_21.vhd"/>
        <Attr Name="ImportTime" Val="1642703055"/>
        <Attr Name="UsedIn" Val="synthesis"/>
        <Attr Name="UsedIn" Val="simulation"/>
      </FileInfo>
    </File>
    <File Path="$PSRCDIR/sources_1/imports/RobertsonMultiplier/registro8.vhd">
      <FileInfo>
        <Attr Name="ImportPath" Val="$PPRDIR/../../RobertsonMultiplier/registro8.vhd"/>
        <Attr Name="ImportTime" Val="1642703055"/>
        <Attr Name="UsedIn" Val="synthesis"/>
        <Attr Name="UsedIn" Val="simulation"/>
      </FileInfo>
    </File>
    <File Path="$PSRCDIR/sources_1/imports/RobertsonMultiplier/ripple_carry.vhd">
      <FileInfo>
        <Attr Name="ImportPath" Val="$PPRDIR/../../RobertsonMultiplier/ripple_carry.vhd"/>
        <Attr Name="ImportTime" Val="1642703055"/>
        <Attr Name="UsedIn" Val="synthesis"/>
        <Attr Name="UsedIn" Val="simulation"/>
      </FileInfo>
    </File>
    <File Path="$PSRCDIR/sources_1/imports/RobertsonMultiplier/shift_register.vhd">
      <FileInfo>
        <Attr Name="ImportPath" Val="$PPRDIR/../../RobertsonMultiplier/shift_register.vhd"/>
        <Attr Name="ImportTime" Val="1642703056"/>
        <Attr Name="UsedIn" Val="synthesis"/>
        <Attr Name="UsedIn" Val="simulation"/>
      </FileInfo>
    </File>
    <File Path="$PSRCDIR/sources_1/imports/RobertsonMultiplier/unita_controllo.vhd">
      <FileInfo>
        <Attr Name="ImportPath" Val="$PPRDIR/../../RobertsonMultiplier/unita_controllo.vhd"/>
        <Attr Name="ImportTime" Val="1642703056"/>
        <Attr Name="UsedIn" Val="synthesis"/>
        <Attr Name="UsedIn" Val="simulation"/>
      </FileInfo>
    </File>
    <File Path="$PSRCDIR/sources_1/imports/RobertsonMultiplier/unita_operativa.vhd">
      <FileInfo>
        <Attr Name="ImportPath" Val="$PPRDIR/../../RobertsonMultiplier/unita_operativa.vhd"/>
        <Attr Name="ImportTime" Val="1642703056"/>
        <Attr Name="UsedIn" Val="synthesis"/>
        <Attr Name="UsedIn" Val="simulation"/>
      </FileInfo>
    </File>
    <File Path="$PSRCDIR/sources_1/new/RobertsonOnBoard.vhd">
      <FileInfo>
        <Attr Name="ImportPath" Val="$PPRDIR/../Robertson_MULTIP/Robertson_MULTIP.srcs/sources_1/new/RobertsonOnBoard.vhd"/>
        <Attr Name="ImportTime" Val="1643468011"/>
        <Attr Name="UsedIn" Val="synthesis"/>
        <Attr Name="UsedIn" Val="simulation"/>
      </FileInfo>
    </File>
    <Config>
      <Option Name="DesignMode" Val="RTL"/>
      <Option Name="TopModule" Val="RobertsonOnBoard"/>
      <Option Name="TopAutoSet" Val="TRUE"/>
    </Config>
  </FileSet>
  <FileSet Name="constrs_in" Type="Constrs" RelSrcDir="$PSRCDIR/constrs_1">
    <Filter Type="Constrs"/>
    <File Path="$PSRCDIR/constrs_1/imports/digilent-xdc-master/Nexys-A7-100T-Master.xdc">
      <FileInfo>
        <Attr Name="ImportPath" Val="$PPRDIR/../ASD/Progetti tesina/Cronometro_v4/Cronometro_v4.srcs/constrs_1/imports/digilent-xdc-master/Nexys-A7-100T-Master.xdc"/>
        <Attr Name="ImportTime" Val="1638986392"/>
        <Attr Name="UsedIn" Val="synthesis"/>
        <Attr Name="UsedIn" Val="implementation"/>
      </FileInfo>
    </File>
    <Config>
      <Option Name="ConstrsType" Val="XDC"/>
    </Config>
  </FileSet>
  <FileSet Name="utils" Type="Utils" RelSrcDir="$PSRCDIR/utils_1">
    <Filter Type="Utils"/>
    <Config>
      <Option Name="TopAutoSet" Val="TRUE"/>
    </Config>
  </FileSet>
  <Strategy Version="1" Minor="2">
    <StratHandle Name="Vivado Synthesis Defaults" Flow="Vivado Synthesis 2019"/>
    <Step Id="synth_design"/>
  </Strategy>
</GenRun>
