<?xml version="1.0" encoding="UTF-8"?>
<GenRun Id="synth_1" LaunchPart="xc7a100tcsg324-1" LaunchTime="1643802248">
  <File Type="PA-TCL" Name="Divisore_NonRestoring_onboard.tcl"/>
  <File Type="RDS-PROPCONSTRS" Name="Divisore_NonRestoring_onboard_drc_synth.rpt"/>
  <File Type="REPORTS-TCL" Name="Divisore_NonRestoring_onboard_reports.tcl"/>
  <File Type="RDS-RDS" Name="Divisore_NonRestoring_onboard.vds"/>
  <File Type="RDS-UTIL" Name="Divisore_NonRestoring_onboard_utilization_synth.rpt"/>
  <File Type="RDS-UTIL-PB" Name="Divisore_NonRestoring_onboard_utilization_synth.pb"/>
  <File Type="RDS-DCP" Name="Divisore_NonRestoring_onboard.dcp"/>
  <File Type="VDS-TIMINGSUMMARY" Name="Divisore_NonRestoring_onboard_timing_summary_synth.rpt"/>
  <File Type="VDS-TIMING-PB" Name="Divisore_NonRestoring_onboard_timing_summary_synth.pb"/>
  <FileSet Name="sources" Type="DesignSrcs" RelSrcDir="$PSRCDIR/sources_1">
    <Filter Type="Srcs"/>
    <File Path="$PSRCDIR/sources_1/imports/Esercizio10/Adder_Subtractor_Nbit.vhd">
      <FileInfo>
        <Attr Name="ImportPath" Val="$PPRDIR/../Divisore_NON_RES/Esercizio10/Adder_Subtractor_Nbit.vhd"/>
        <Attr Name="ImportTime" Val="1643136780"/>
        <Attr Name="UsedIn" Val="synthesis"/>
        <Attr Name="UsedIn" Val="simulation"/>
      </FileInfo>
    </File>
    <File Path="$PSRCDIR/sources_1/imports/Esercizio10/Counter.vhd">
      <FileInfo>
        <Attr Name="ImportPath" Val="$PPRDIR/../Divisore_NON_RES/Esercizio10/Counter.vhd"/>
        <Attr Name="ImportTime" Val="1643136780"/>
        <Attr Name="UsedIn" Val="synthesis"/>
        <Attr Name="UsedIn" Val="simulation"/>
      </FileInfo>
    </File>
    <File Path="$PSRCDIR/sources_1/new/D_Latch.vhd">
      <FileInfo>
        <Attr Name="UsedIn" Val="synthesis"/>
        <Attr Name="UsedIn" Val="simulation"/>
      </FileInfo>
    </File>
    <File Path="$PSRCDIR/sources_1/imports/Esercizio10/Full_adder.vhd">
      <FileInfo>
        <Attr Name="ImportPath" Val="$PPRDIR/../Divisore_NON_RES/Esercizio10/Full_adder.vhd"/>
        <Attr Name="ImportTime" Val="1643136781"/>
        <Attr Name="UsedIn" Val="synthesis"/>
        <Attr Name="UsedIn" Val="simulation"/>
      </FileInfo>
    </File>
    <File Path="$PSRCDIR/sources_1/imports/Esercizio10/RCA_Nbit .vhd">
      <FileInfo>
        <Attr Name="ImportPath" Val="$PPRDIR/../Divisore_NON_RES/Esercizio10/RCA_Nbit .vhd"/>
        <Attr Name="ImportTime" Val="1643136781"/>
        <Attr Name="UsedIn" Val="synthesis"/>
        <Attr Name="UsedIn" Val="simulation"/>
      </FileInfo>
    </File>
    <File Path="$PSRCDIR/sources_1/imports/Esercizio10/RegisterM.vhd">
      <FileInfo>
        <Attr Name="ImportPath" Val="$PPRDIR/../Divisore_NON_RES/Esercizio10/RegisterM.vhd"/>
        <Attr Name="ImportTime" Val="1643136781"/>
        <Attr Name="UsedIn" Val="synthesis"/>
        <Attr Name="UsedIn" Val="simulation"/>
      </FileInfo>
    </File>
    <File Path="$PSRCDIR/sources_1/imports/Esercizio10/RegisterSAQ.vhd">
      <FileInfo>
        <Attr Name="ImportPath" Val="$PPRDIR/../Divisore_NON_RES/Esercizio10/RegisterSAQ.vhd"/>
        <Attr Name="ImportTime" Val="1643136781"/>
        <Attr Name="UsedIn" Val="synthesis"/>
        <Attr Name="UsedIn" Val="simulation"/>
      </FileInfo>
    </File>
    <File Path="$PSRCDIR/sources_1/new/Start_Divisione.vhd">
      <FileInfo>
        <Attr Name="UsedIn" Val="synthesis"/>
        <Attr Name="UsedIn" Val="simulation"/>
      </FileInfo>
    </File>
    <File Path="$PSRCDIR/sources_1/new/Unita_Controllo.vhd">
      <FileInfo>
        <Attr Name="UsedIn" Val="synthesis"/>
        <Attr Name="UsedIn" Val="simulation"/>
      </FileInfo>
    </File>
    <File Path="$PSRCDIR/sources_1/new/Unita_Operativa.vhd">
      <FileInfo>
        <Attr Name="UsedIn" Val="synthesis"/>
        <Attr Name="UsedIn" Val="simulation"/>
      </FileInfo>
    </File>
    <File Path="$PSRCDIR/sources_1/imports/Display7Seg - Vivado/anodes_manager.vhd">
      <FileInfo>
        <Attr Name="ImportPath" Val="$PPRDIR/../ROMonDisplay/ROMonDisplay.srcs/sources_1/imports/Display7Seg - Vivado/anodes_manager.vhd"/>
        <Attr Name="ImportTime" Val="1635933885"/>
        <Attr Name="UsedIn" Val="synthesis"/>
        <Attr Name="UsedIn" Val="simulation"/>
      </FileInfo>
    </File>
    <File Path="$PSRCDIR/sources_1/imports/Display7Seg - Vivado/cathodes_manager.vhd">
      <FileInfo>
        <Attr Name="ImportPath" Val="$PPRDIR/../ROMonDisplay/ROMonDisplay.srcs/sources_1/imports/Display7Seg - Vivado/cathodes_manager.vhd"/>
        <Attr Name="ImportTime" Val="1635942686"/>
        <Attr Name="UsedIn" Val="synthesis"/>
        <Attr Name="UsedIn" Val="simulation"/>
      </FileInfo>
    </File>
    <File Path="$PSRCDIR/sources_1/imports/Display7Seg - Vivado/clock_filter.vhd">
      <FileInfo>
        <Attr Name="ImportPath" Val="$PPRDIR/../ROMonDisplay/ROMonDisplay.srcs/sources_1/imports/Display7Seg - Vivado/clock_filter.vhd"/>
        <Attr Name="ImportTime" Val="1635852455"/>
        <Attr Name="UsedIn" Val="synthesis"/>
        <Attr Name="UsedIn" Val="simulation"/>
      </FileInfo>
    </File>
    <File Path="$PSRCDIR/sources_1/imports/Display7Seg - Vivado/counter_mod4.vhd">
      <FileInfo>
        <Attr Name="ImportPath" Val="$PPRDIR/../ROMonDisplay/ROMonDisplay.srcs/sources_1/imports/Display7Seg - Vivado/counter_mod4.vhd"/>
        <Attr Name="ImportTime" Val="1635934993"/>
        <Attr Name="UsedIn" Val="synthesis"/>
        <Attr Name="UsedIn" Val="simulation"/>
      </FileInfo>
    </File>
    <File Path="$PSRCDIR/sources_1/imports/Display7Seg - Vivado/display_seven_segments.vhd">
      <FileInfo>
        <Attr Name="ImportPath" Val="$PPRDIR/../ROMonDisplay/ROMonDisplay.srcs/sources_1/imports/Display7Seg - Vivado/display_seven_segments.vhd"/>
        <Attr Name="ImportTime" Val="1635888001"/>
        <Attr Name="UsedIn" Val="synthesis"/>
        <Attr Name="UsedIn" Val="simulation"/>
      </FileInfo>
    </File>
    <File Path="$PSRCDIR/sources_1/new/Divisore_NonRestoring_onboard.vhd">
      <FileInfo>
        <Attr Name="UsedIn" Val="synthesis"/>
        <Attr Name="UsedIn" Val="simulation"/>
      </FileInfo>
    </File>
    <Config>
      <Option Name="DesignMode" Val="RTL"/>
      <Option Name="TopModule" Val="Divisore_NonRestoring_onboard"/>
      <Option Name="TopAutoSet" Val="TRUE"/>
    </Config>
  </FileSet>
  <FileSet Name="constrs_in" Type="Constrs" RelSrcDir="$PSRCDIR/constrs_1">
    <Filter Type="Constrs"/>
    <File Path="$PSRCDIR/constrs_1/imports/digilent-xdc-master/Nexys-A7-100T-Master.xdc">
      <FileInfo>
        <Attr Name="ImportPath" Val="$PPRDIR/../digilent-xdc-master/Nexys-A7-100T-Master.xdc"/>
        <Attr Name="ImportTime" Val="1628606177"/>
        <Attr Name="UsedIn" Val="synthesis"/>
        <Attr Name="UsedIn" Val="implementation"/>
      </FileInfo>
    </File>
    <Config>
      <Option Name="ConstrsType" Val="XDC"/>
    </Config>
  </FileSet>
  <FileSet Name="utils" Type="Utils" RelSrcDir="$PSRCDIR/utils_1">
    <Filter Type="Utils"/>
    <Config>
      <Option Name="TopAutoSet" Val="TRUE"/>
    </Config>
  </FileSet>
  <Strategy Version="1" Minor="2">
    <StratHandle Name="Vivado Synthesis Defaults" Flow="Vivado Synthesis 2019"/>
    <Step Id="synth_design"/>
  </Strategy>
</GenRun>
