<?xml version="1.0" encoding="UTF-8"?>
<GenRun Id="impl_1" LaunchPart="xc7a100tcsg324-1" LaunchTime="1643880165">
  <File Type="ROUTE-PWR" Name="TestingSystem_power_routed.rpt"/>
  <File Type="PA-TCL" Name="TestingSystem.tcl"/>
  <File Type="BITSTR-BMM" Name="TestingSystem_bd.bmm"/>
  <File Type="ROUTE-PWR-SUM" Name="TestingSystem_power_summary_routed.pb"/>
  <File Type="REPORTS-TCL" Name="TestingSystem_reports.tcl"/>
  <File Type="OPT-DCP" Name="TestingSystem_opt.dcp"/>
  <File Type="OPT-DRC" Name="TestingSystem_drc_opted.rpt"/>
  <File Type="OPT-HWDEF" Name="TestingSystem.hwdef"/>
  <File Type="PWROPT-DCP" Name="TestingSystem_pwropt.dcp"/>
  <File Type="PLACE-DCP" Name="TestingSystem_placed.dcp"/>
  <File Type="PLACE-IO" Name="TestingSystem_io_placed.rpt"/>
  <File Type="PLACE-UTIL" Name="TestingSystem_utilization_placed.rpt"/>
  <File Type="PLACE-UTIL-PB" Name="TestingSystem_utilization_placed.pb"/>
  <File Type="PLACE-CTRL" Name="TestingSystem_control_sets_placed.rpt"/>
  <File Type="PLACE-PRE-SIMILARITY" Name="TestingSystem_incremental_reuse_pre_placed.rpt"/>
  <File Type="BG-BGN" Name="TestingSystem.bgn"/>
  <File Type="POSTPLACE-PWROPT-DCP" Name="TestingSystem_postplace_pwropt.dcp"/>
  <File Type="BG-BIN" Name="TestingSystem.bin"/>
  <File Type="PHYSOPT-DCP" Name="TestingSystem_physopt.dcp"/>
  <File Type="BITSTR-MSK" Name="TestingSystem.msk"/>
  <File Type="ROUTE-ERROR-DCP" Name="TestingSystem_routed_error.dcp"/>
  <File Type="ROUTE-DCP" Name="TestingSystem_routed.dcp"/>
  <File Type="ROUTE-BLACKBOX-DCP" Name="TestingSystem_routed_bb.dcp"/>
  <File Type="ROUTE-DRC" Name="TestingSystem_drc_routed.rpt"/>
  <File Type="ROUTE-DRC-PB" Name="TestingSystem_drc_routed.pb"/>
  <File Type="ROUTE-DRC-RPX" Name="TestingSystem_drc_routed.rpx"/>
  <File Type="BITSTR-LTX" Name="TestingSystem.ltx"/>
  <File Type="ROUTE-METHODOLOGY-DRC" Name="TestingSystem_methodology_drc_routed.rpt"/>
  <File Type="BITSTR-MMI" Name="TestingSystem.mmi"/>
  <File Type="ROUTE-METHODOLOGY-DRC-RPX" Name="TestingSystem_methodology_drc_routed.rpx"/>
  <File Type="ROUTE-METHODOLOGY-DRC-PB" Name="TestingSystem_methodology_drc_routed.pb"/>
  <File Type="BITSTR-SYSDEF" Name="TestingSystem.sysdef"/>
  <File Type="ROUTE-PWR-RPX" Name="TestingSystem_power_routed.rpx"/>
  <File Type="ROUTE-STATUS" Name="TestingSystem_route_status.rpt"/>
  <File Type="ROUTE-STATUS-PB" Name="TestingSystem_route_status.pb"/>
  <File Type="ROUTE-TIMINGSUMMARY" Name="TestingSystem_timing_summary_routed.rpt"/>
  <File Type="ROUTE-TIMING-PB" Name="TestingSystem_timing_summary_routed.pb"/>
  <File Type="ROUTE-TIMING-RPX" Name="TestingSystem_timing_summary_routed.rpx"/>
  <File Type="ROUTE-CLK" Name="TestingSystem_clock_utilization_routed.rpt"/>
  <File Type="ROUTE-BUS-SKEW" Name="TestingSystem_bus_skew_routed.rpt"/>
  <File Type="ROUTE-BUS-SKEW-PB" Name="TestingSystem_bus_skew_routed.pb"/>
  <File Type="ROUTE-BUS-SKEW-RPX" Name="TestingSystem_bus_skew_routed.rpx"/>
  <File Type="POSTROUTE-PHYSOPT-DCP" Name="TestingSystem_postroute_physopt.dcp"/>
  <File Type="POSTROUTE-PHYSOPT-BLACKBOX-DCP" Name="TestingSystem_postroute_physopt_bb.dcp"/>
  <File Type="BG-BIT" Name="TestingSystem.bit"/>
  <File Type="BITSTR-RBT" Name="TestingSystem.rbt"/>
  <File Type="BITSTR-NKY" Name="TestingSystem.nky"/>
  <File Type="BG-DRC" Name="TestingSystem.drc"/>
  <File Type="RDI-RDI" Name="TestingSystem.vdi"/>
  <File Type="WBT-USG" Name="usage_statistics_webtalk.html"/>
  <FileSet Name="sources" Type="DesignSrcs" RelSrcDir="$PSRCDIR/sources_1">
    <Filter Type="Srcs"/>
    <File Path="$PSRCDIR/sources_1/new/ButtonDebouncer.vhd">
      <FileInfo>
        <Attr Name="ImportPath" Val="$PPRDIR/../TestingSystem_03.srcs/sources_1/new/ButtonDebouncer.vhd"/>
        <Attr Name="ImportTime" Val="1643454964"/>
        <Attr Name="UsedIn" Val="synthesis"/>
        <Attr Name="UsedIn" Val="simulation"/>
      </FileInfo>
    </File>
    <File Path="$PSRCDIR/sources_1/new/Combinatorial.vhd">
      <FileInfo>
        <Attr Name="ImportPath" Val="$PPRDIR/../TestingSystem_03.srcs/sources_1/new/Combinatorial.vhd"/>
        <Attr Name="ImportTime" Val="1643880747"/>
        <Attr Name="UsedIn" Val="synthesis"/>
        <Attr Name="UsedIn" Val="simulation"/>
      </FileInfo>
    </File>
    <File Path="$PSRCDIR/sources_1/new/ROM.vhd">
      <FileInfo>
        <Attr Name="ImportPath" Val="$PPRDIR/../TestingSystem_03.srcs/sources_1/new/ROM.vhd"/>
        <Attr Name="ImportTime" Val="1643880750"/>
        <Attr Name="UsedIn" Val="synthesis"/>
        <Attr Name="UsedIn" Val="simulation"/>
      </FileInfo>
    </File>
    <File Path="$PSRCDIR/sources_1/new/ROM_3.vhd">
      <FileInfo>
        <Attr Name="ImportPath" Val="$PPRDIR/../TestingSystem_03.srcs/sources_1/new/ROM_3.vhd"/>
        <Attr Name="ImportTime" Val="1643880741"/>
        <Attr Name="UsedIn" Val="synthesis"/>
        <Attr Name="UsedIn" Val="simulation"/>
      </FileInfo>
    </File>
    <File Path="$PSRCDIR/sources_1/new/counter_mod8.vhd">
      <FileInfo>
        <Attr Name="ImportPath" Val="$PPRDIR/../TestingSystem_03.srcs/sources_1/new/counter_mod8.vhd"/>
        <Attr Name="ImportTime" Val="1643880734"/>
        <Attr Name="UsedIn" Val="synthesis"/>
        <Attr Name="UsedIn" Val="simulation"/>
      </FileInfo>
    </File>
    <File Path="$PSRCDIR/sources_1/new/TestingSystem.vhd">
      <FileInfo>
        <Attr Name="ImportPath" Val="$PPRDIR/../TestingSystem_03.srcs/sources_1/new/TestingSystem.vhd"/>
        <Attr Name="ImportTime" Val="1643880539"/>
        <Attr Name="UsedIn" Val="synthesis"/>
        <Attr Name="UsedIn" Val="simulation"/>
      </FileInfo>
    </File>
    <Config>
      <Option Name="DesignMode" Val="RTL"/>
      <Option Name="TopModule" Val="TestingSystem"/>
      <Option Name="TopAutoSet" Val="TRUE"/>
    </Config>
  </FileSet>
  <FileSet Name="constrs_in" Type="Constrs" RelSrcDir="$PSRCDIR/constrs_1">
    <Filter Type="Constrs"/>
    <File Path="$PSRCDIR/constrs_1/imports/digilent-xdc-master/Nexys-A7-100T-Master.xdc">
      <FileInfo>
        <Attr Name="ImportPath" Val="$PPRDIR/../../../../File Giuseppe/Università/Laurea Magistrale/Corsi/ARCHITETTURA DEI SISTEMI DIGITALI/Slide/PROCESSO DI SVILUPPO SU FPGA/digilent-xdc-master/Nexys-A7-100T-Master.xdc"/>
        <Attr Name="ImportTime" Val="1628606177"/>
        <Attr Name="UsedIn" Val="synthesis"/>
        <Attr Name="UsedIn" Val="implementation"/>
      </FileInfo>
    </File>
    <Config>
      <Option Name="ConstrsType" Val="XDC"/>
    </Config>
  </FileSet>
  <FileSet Name="utils" Type="Utils" RelSrcDir="$PSRCDIR/utils_1">
    <Filter Type="Utils"/>
    <Config>
      <Option Name="TopAutoSet" Val="TRUE"/>
    </Config>
  </FileSet>
  <Strategy Version="1" Minor="2">
    <StratHandle Name="Vivado Implementation Defaults" Flow="Vivado Implementation 2019"/>
    <Step Id="init_design"/>
    <Step Id="opt_design"/>
    <Step Id="power_opt_design"/>
    <Step Id="place_design"/>
    <Step Id="post_place_power_opt_design"/>
    <Step Id="phys_opt_design"/>
    <Step Id="route_design"/>
    <Step Id="post_route_phys_opt_design"/>
    <Step Id="write_bitstream"/>
  </Strategy>
</GenRun>
