<?xml version="1.0" encoding="UTF-8"?>
<GenRun Id="impl_1" LaunchPart="xc7a100tcsg324-1" LaunchTime="1643802249">
  <File Type="BITSTR-BMM" Name="Divisore_NonRestoring_onboard_bd.bmm"/>
  <File Type="OPT-METHODOLOGY-DRC" Name="Divisore_NonRestoring_onboard_methodology_drc_opted.rpt"/>
  <File Type="INIT-TIMING" Name="Divisore_NonRestoring_onboard_timing_summary_init.rpt"/>
  <File Type="ROUTE-PWR" Name="Divisore_NonRestoring_onboard_power_routed.rpt"/>
  <File Type="PA-TCL" Name="Divisore_NonRestoring_onboard.tcl"/>
  <File Type="OPT-TIMING" Name="Divisore_NonRestoring_onboard_timing_summary_opted.rpt"/>
  <File Type="OPT-DCP" Name="Divisore_NonRestoring_onboard_opt.dcp"/>
  <File Type="ROUTE-PWR-SUM" Name="Divider_On_Board_power_summary_routed.pb"/>
  <File Type="REPORTS-TCL" Name="Divisore_NonRestoring_onboard_reports.tcl"/>
  <File Type="OPT-DRC" Name="Divisore_NonRestoring_onboard_drc_opted.rpt"/>
  <File Type="OPT-HWDEF" Name="Divisore_NonRestoring_onboard.hwdef"/>
  <File Type="PWROPT-DCP" Name="Divisore_NonRestoring_onboard_pwropt.dcp"/>
  <File Type="PWROPT-DRC" Name="Divisore_NonRestoring_onboard_drc_pwropted.rpt"/>
  <File Type="PWROPT-TIMING" Name="Divisore_NonRestoring_onboard_timing_summary_pwropted.rpt"/>
  <File Type="PLACE-DCP" Name="Divisore_NonRestoring_onboard_placed.dcp"/>
  <File Type="PLACE-IO" Name="Divisore_NonRestoring_onboard_io_placed.rpt"/>
  <File Type="PLACE-CLK" Name="Divisore_NonRestoring_onboard_clock_utilization_placed.rpt"/>
  <File Type="PLACE-UTIL" Name="Divisore_NonRestoring_onboard_utilization_placed.rpt"/>
  <File Type="PLACE-UTIL-PB" Name="Divider_On_Board_utilization_placed.pb"/>
  <File Type="PLACE-CTRL" Name="Divisore_NonRestoring_onboard_control_sets_placed.rpt"/>
  <File Type="PLACE-SIMILARITY" Name="Divisore_NonRestoring_onboard_incremental_reuse_placed.rpt"/>
  <File Type="PLACE-PRE-SIMILARITY" Name="Divisore_NonRestoring_onboard_incremental_reuse_pre_placed.rpt"/>
  <File Type="BG-BGN" Name="Divisore_NonRestoring_onboard.bgn"/>
  <File Type="PLACE-TIMING" Name="Divisore_NonRestoring_onboard_timing_summary_placed.rpt"/>
  <File Type="POSTPLACE-PWROPT-DCP" Name="Divisore_NonRestoring_onboard_postplace_pwropt.dcp"/>
  <File Type="BG-BIN" Name="Divisore_NonRestoring_onboard.bin"/>
  <File Type="POSTPLACE-PWROPT-TIMING" Name="Divisore_NonRestoring_onboard_timing_summary_postplace_pwropted.rpt"/>
  <File Type="PHYSOPT-DCP" Name="Divisore_NonRestoring_onboard_physopt.dcp"/>
  <File Type="PHYSOPT-DRC" Name="Divisore_NonRestoring_onboard_drc_physopted.rpt"/>
  <File Type="BITSTR-MSK" Name="Divisore_NonRestoring_onboard.msk"/>
  <File Type="PHYSOPT-TIMING" Name="Divisore_NonRestoring_onboard_timing_summary_physopted.rpt"/>
  <File Type="ROUTE-ERROR-DCP" Name="Divisore_NonRestoring_onboard_routed_error.dcp"/>
  <File Type="ROUTE-DCP" Name="Divisore_NonRestoring_onboard_routed.dcp"/>
  <File Type="ROUTE-BLACKBOX-DCP" Name="Divisore_NonRestoring_onboard_routed_bb.dcp"/>
  <File Type="ROUTE-DRC" Name="Divisore_NonRestoring_onboard_drc_routed.rpt"/>
  <File Type="ROUTE-DRC-PB" Name="Divider_On_Board_drc_routed.pb"/>
  <File Type="BITSTR-LTX" Name="debug_nets.ltx"/>
  <File Type="BITSTR-LTX" Name="Divisore_NonRestoring_onboard.ltx"/>
  <File Type="ROUTE-DRC-RPX" Name="Divider_On_Board_drc_routed.rpx"/>
  <File Type="BITSTR-MMI" Name="Divisore_NonRestoring_onboard.mmi"/>
  <File Type="ROUTE-METHODOLOGY-DRC" Name="Divisore_NonRestoring_onboard_methodology_drc_routed.rpt"/>
  <File Type="ROUTE-METHODOLOGY-DRC-RPX" Name="Divider_On_Board_methodology_drc_routed.rpx"/>
  <File Type="BITSTR-SYSDEF" Name="Divisore_NonRestoring_onboard.sysdef"/>
  <File Type="ROUTE-METHODOLOGY-DRC-PB" Name="Divider_On_Board_methodology_drc_routed.pb"/>
  <File Type="ROUTE-PWR-RPX" Name="Divider_On_Board_power_routed.rpx"/>
  <File Type="ROUTE-STATUS" Name="Divisore_NonRestoring_onboard_route_status.rpt"/>
  <File Type="ROUTE-STATUS-PB" Name="Divider_On_Board_route_status.pb"/>
  <File Type="ROUTE-TIMINGSUMMARY" Name="Divisore_NonRestoring_onboard_timing_summary_routed.rpt"/>
  <File Type="ROUTE-TIMING-PB" Name="Divisore_NonRestoring_onboard_timing_summary_routed.pb"/>
  <File Type="ROUTE-TIMING-RPX" Name="Divider_On_Board_timing_summary_routed.rpx"/>
  <File Type="ROUTE-SIMILARITY" Name="Divisore_NonRestoring_onboard_incremental_reuse_routed.rpt"/>
  <File Type="ROUTE-CLK" Name="Divisore_NonRestoring_onboard_clock_utilization_routed.rpt"/>
  <File Type="ROUTE-BUS-SKEW" Name="Divisore_NonRestoring_onboard_bus_skew_routed.rpt"/>
  <File Type="ROUTE-BUS-SKEW-PB" Name="Divider_On_Board_bus_skew_routed.pb"/>
  <File Type="ROUTE-BUS-SKEW-RPX" Name="Divider_On_Board_bus_skew_routed.rpx"/>
  <File Type="POSTROUTE-PHYSOPT-DCP" Name="Divisore_NonRestoring_onboard_postroute_physopt.dcp"/>
  <File Type="POSTROUTE-PHYSOPT-BLACKBOX-DCP" Name="Divisore_NonRestoring_onboard_postroute_physopt_bb.dcp"/>
  <File Type="POSTROUTE-PHYSOPT-TIMING" Name="Divisore_NonRestoring_onboard_timing_summary_postroute_physopted.rpt"/>
  <File Type="POSTROUTE-PHYSOPT-TIMING-PB" Name="Divisore_NonRestoring_onboard_timing_summary_postroute_physopted.pb"/>
  <File Type="POSTROUTE-PHYSOPT-TIMING-RPX" Name="Divisore_NonRestoring_onboard_timing_summary_postroute_physopted.rpx"/>
  <File Type="POSTROUTE-PHYSOPT-BUS-SKEW" Name="Divisore_NonRestoring_onboard_bus_skew_postroute_physopted.rpt"/>
  <File Type="POSTROUTE-PHYSOPT-BUS-SKEW-PB" Name="Divisore_NonRestoring_onboard_bus_skew_postroute_physopted.pb"/>
  <File Type="BG-BIT" Name="Divisore_NonRestoring_onboard.bit"/>
  <File Type="POSTROUTE-PHYSOPT-BUS-SKEW-RPX" Name="Divisore_NonRestoring_onboard_bus_skew_postroute_physopted.rpx"/>
  <File Type="BITSTR-RBT" Name="Divisore_NonRestoring_onboard.rbt"/>
  <File Type="BITSTR-NKY" Name="Divisore_NonRestoring_onboard.nky"/>
  <File Type="BG-DRC" Name="Divisore_NonRestoring_onboard.drc"/>
  <File Type="RDI-RDI" Name="Divisore_NonRestoring_onboard.vdi"/>
  <File Type="WBT-USG" Name="usage_statistics_webtalk.html"/>
  <FileSet Name="sources" Type="DesignSrcs" RelSrcDir="$PSRCDIR/sources_1">
    <Filter Type="Srcs"/>
    <File Path="$PSRCDIR/sources_1/imports/Esercizio10/Adder_Subtractor_Nbit.vhd">
      <FileInfo>
        <Attr Name="ImportPath" Val="$PPRDIR/../Divisore_NON_RES/Esercizio10/Adder_Subtractor_Nbit.vhd"/>
        <Attr Name="ImportTime" Val="1643136780"/>
        <Attr Name="UsedIn" Val="synthesis"/>
        <Attr Name="UsedIn" Val="simulation"/>
      </FileInfo>
    </File>
    <File Path="$PSRCDIR/sources_1/imports/Esercizio10/Counter.vhd">
      <FileInfo>
        <Attr Name="ImportPath" Val="$PPRDIR/../Divisore_NON_RES/Esercizio10/Counter.vhd"/>
        <Attr Name="ImportTime" Val="1643136780"/>
        <Attr Name="UsedIn" Val="synthesis"/>
        <Attr Name="UsedIn" Val="simulation"/>
      </FileInfo>
    </File>
    <File Path="$PSRCDIR/sources_1/new/D_Latch.vhd">
      <FileInfo>
        <Attr Name="UsedIn" Val="synthesis"/>
        <Attr Name="UsedIn" Val="simulation"/>
      </FileInfo>
    </File>
    <File Path="$PSRCDIR/sources_1/imports/Esercizio10/Full_adder.vhd">
      <FileInfo>
        <Attr Name="ImportPath" Val="$PPRDIR/../Divisore_NON_RES/Esercizio10/Full_adder.vhd"/>
        <Attr Name="ImportTime" Val="1643136781"/>
        <Attr Name="UsedIn" Val="synthesis"/>
        <Attr Name="UsedIn" Val="simulation"/>
      </FileInfo>
    </File>
    <File Path="$PSRCDIR/sources_1/imports/Esercizio10/RCA_Nbit .vhd">
      <FileInfo>
        <Attr Name="ImportPath" Val="$PPRDIR/../Divisore_NON_RES/Esercizio10/RCA_Nbit .vhd"/>
        <Attr Name="ImportTime" Val="1643136781"/>
        <Attr Name="UsedIn" Val="synthesis"/>
        <Attr Name="UsedIn" Val="simulation"/>
      </FileInfo>
    </File>
    <File Path="$PSRCDIR/sources_1/imports/Esercizio10/RegisterM.vhd">
      <FileInfo>
        <Attr Name="ImportPath" Val="$PPRDIR/../Divisore_NON_RES/Esercizio10/RegisterM.vhd"/>
        <Attr Name="ImportTime" Val="1643136781"/>
        <Attr Name="UsedIn" Val="synthesis"/>
        <Attr Name="UsedIn" Val="simulation"/>
      </FileInfo>
    </File>
    <File Path="$PSRCDIR/sources_1/imports/Esercizio10/RegisterSAQ.vhd">
      <FileInfo>
        <Attr Name="ImportPath" Val="$PPRDIR/../Divisore_NON_RES/Esercizio10/RegisterSAQ.vhd"/>
        <Attr Name="ImportTime" Val="1643136781"/>
        <Attr Name="UsedIn" Val="synthesis"/>
        <Attr Name="UsedIn" Val="simulation"/>
      </FileInfo>
    </File>
    <File Path="$PSRCDIR/sources_1/new/Start_Divisione.vhd">
      <FileInfo>
        <Attr Name="UsedIn" Val="synthesis"/>
        <Attr Name="UsedIn" Val="simulation"/>
      </FileInfo>
    </File>
    <File Path="$PSRCDIR/sources_1/new/Unita_Controllo.vhd">
      <FileInfo>
        <Attr Name="UsedIn" Val="synthesis"/>
        <Attr Name="UsedIn" Val="simulation"/>
      </FileInfo>
    </File>
    <File Path="$PSRCDIR/sources_1/new/Unita_Operativa.vhd">
      <FileInfo>
        <Attr Name="UsedIn" Val="synthesis"/>
        <Attr Name="UsedIn" Val="simulation"/>
      </FileInfo>
    </File>
    <File Path="$PSRCDIR/sources_1/imports/Display7Seg - Vivado/anodes_manager.vhd">
      <FileInfo>
        <Attr Name="ImportPath" Val="$PPRDIR/../ROMonDisplay/ROMonDisplay.srcs/sources_1/imports/Display7Seg - Vivado/anodes_manager.vhd"/>
        <Attr Name="ImportTime" Val="1635933885"/>
        <Attr Name="UsedIn" Val="synthesis"/>
        <Attr Name="UsedIn" Val="simulation"/>
      </FileInfo>
    </File>
    <File Path="$PSRCDIR/sources_1/imports/Display7Seg - Vivado/cathodes_manager.vhd">
      <FileInfo>
        <Attr Name="ImportPath" Val="$PPRDIR/../ROMonDisplay/ROMonDisplay.srcs/sources_1/imports/Display7Seg - Vivado/cathodes_manager.vhd"/>
        <Attr Name="ImportTime" Val="1635942686"/>
        <Attr Name="UsedIn" Val="synthesis"/>
        <Attr Name="UsedIn" Val="simulation"/>
      </FileInfo>
    </File>
    <File Path="$PSRCDIR/sources_1/imports/Display7Seg - Vivado/clock_filter.vhd">
      <FileInfo>
        <Attr Name="ImportPath" Val="$PPRDIR/../ROMonDisplay/ROMonDisplay.srcs/sources_1/imports/Display7Seg - Vivado/clock_filter.vhd"/>
        <Attr Name="ImportTime" Val="1635852455"/>
        <Attr Name="UsedIn" Val="synthesis"/>
        <Attr Name="UsedIn" Val="simulation"/>
      </FileInfo>
    </File>
    <File Path="$PSRCDIR/sources_1/imports/Display7Seg - Vivado/counter_mod4.vhd">
      <FileInfo>
        <Attr Name="ImportPath" Val="$PPRDIR/../ROMonDisplay/ROMonDisplay.srcs/sources_1/imports/Display7Seg - Vivado/counter_mod4.vhd"/>
        <Attr Name="ImportTime" Val="1635934993"/>
        <Attr Name="UsedIn" Val="synthesis"/>
        <Attr Name="UsedIn" Val="simulation"/>
      </FileInfo>
    </File>
    <File Path="$PSRCDIR/sources_1/imports/Display7Seg - Vivado/display_seven_segments.vhd">
      <FileInfo>
        <Attr Name="ImportPath" Val="$PPRDIR/../ROMonDisplay/ROMonDisplay.srcs/sources_1/imports/Display7Seg - Vivado/display_seven_segments.vhd"/>
        <Attr Name="ImportTime" Val="1635888001"/>
        <Attr Name="UsedIn" Val="synthesis"/>
        <Attr Name="UsedIn" Val="simulation"/>
      </FileInfo>
    </File>
    <File Path="$PSRCDIR/sources_1/new/Divisore_NonRestoring_onboard.vhd">
      <FileInfo>
        <Attr Name="UsedIn" Val="synthesis"/>
        <Attr Name="UsedIn" Val="simulation"/>
      </FileInfo>
    </File>
    <Config>
      <Option Name="DesignMode" Val="RTL"/>
      <Option Name="TopModule" Val="Divisore_NonRestoring_onboard"/>
      <Option Name="TopAutoSet" Val="TRUE"/>
    </Config>
  </FileSet>
  <FileSet Name="constrs_in" Type="Constrs" RelSrcDir="$PSRCDIR/constrs_1">
    <Filter Type="Constrs"/>
    <File Path="$PSRCDIR/constrs_1/imports/digilent-xdc-master/Nexys-A7-100T-Master.xdc">
      <FileInfo>
        <Attr Name="ImportPath" Val="$PPRDIR/../digilent-xdc-master/Nexys-A7-100T-Master.xdc"/>
        <Attr Name="ImportTime" Val="1628606177"/>
        <Attr Name="UsedIn" Val="synthesis"/>
        <Attr Name="UsedIn" Val="implementation"/>
      </FileInfo>
    </File>
    <Config>
      <Option Name="ConstrsType" Val="XDC"/>
    </Config>
  </FileSet>
  <FileSet Name="utils" Type="Utils" RelSrcDir="$PSRCDIR/utils_1">
    <Filter Type="Utils"/>
    <Config>
      <Option Name="TopAutoSet" Val="TRUE"/>
    </Config>
  </FileSet>
  <Strategy Version="1" Minor="2">
    <StratHandle Name="Vivado Implementation Defaults" Flow="Vivado Implementation 2019"/>
    <Step Id="init_design"/>
    <Step Id="opt_design"/>
    <Step Id="power_opt_design"/>
    <Step Id="place_design"/>
    <Step Id="post_place_power_opt_design"/>
    <Step Id="phys_opt_design"/>
    <Step Id="route_design"/>
    <Step Id="post_route_phys_opt_design"/>
    <Step Id="write_bitstream"/>
  </Strategy>
</GenRun>
