<?xml version="1.0" encoding="UTF-8"?>
<GenRun Id="impl_1" LaunchPart="xc7a100tcsg324-1" LaunchTime="1643470629">
  <File Type="BITSTR-BMM" Name="RobertsonOnBoard_bd.bmm"/>
  <File Type="OPT-METHODOLOGY-DRC" Name="RobertsonOnBoard_methodology_drc_opted.rpt"/>
  <File Type="INIT-TIMING" Name="RobertsonOnBoard_timing_summary_init.rpt"/>
  <File Type="ROUTE-PWR" Name="RobertsonOnBoard_power_routed.rpt"/>
  <File Type="PA-TCL" Name="RobertsonOnBoard.tcl"/>
  <File Type="OPT-TIMING" Name="RobertsonOnBoard_timing_summary_opted.rpt"/>
  <File Type="OPT-DCP" Name="RobertsonOnBoard_opt.dcp"/>
  <File Type="ROUTE-PWR-SUM" Name="RobertsonOnBoard_power_summary_routed.pb"/>
  <File Type="REPORTS-TCL" Name="RobertsonOnBoard_reports.tcl"/>
  <File Type="OPT-DRC" Name="RobertsonOnBoard_drc_opted.rpt"/>
  <File Type="OPT-HWDEF" Name="RobertsonOnBoard.hwdef"/>
  <File Type="PWROPT-DCP" Name="RobertsonOnBoard_pwropt.dcp"/>
  <File Type="PWROPT-DRC" Name="RobertsonOnBoard_drc_pwropted.rpt"/>
  <File Type="PWROPT-TIMING" Name="RobertsonOnBoard_timing_summary_pwropted.rpt"/>
  <File Type="PLACE-DCP" Name="RobertsonOnBoard_placed.dcp"/>
  <File Type="PLACE-IO" Name="RobertsonOnBoard_io_placed.rpt"/>
  <File Type="PLACE-CLK" Name="RobertsonOnBoard_clock_utilization_placed.rpt"/>
  <File Type="PLACE-UTIL" Name="RobertsonOnBoard_utilization_placed.rpt"/>
  <File Type="PLACE-UTIL-PB" Name="RobertsonOnBoard_utilization_placed.pb"/>
  <File Type="PLACE-CTRL" Name="RobertsonOnBoard_control_sets_placed.rpt"/>
  <File Type="PLACE-SIMILARITY" Name="RobertsonOnBoard_incremental_reuse_placed.rpt"/>
  <File Type="PLACE-PRE-SIMILARITY" Name="RobertsonOnBoard_incremental_reuse_pre_placed.rpt"/>
  <File Type="BG-BGN" Name="RobertsonOnBoard.bgn"/>
  <File Type="PLACE-TIMING" Name="RobertsonOnBoard_timing_summary_placed.rpt"/>
  <File Type="POSTPLACE-PWROPT-DCP" Name="RobertsonOnBoard_postplace_pwropt.dcp"/>
  <File Type="BG-BIN" Name="RobertsonOnBoard.bin"/>
  <File Type="POSTPLACE-PWROPT-TIMING" Name="RobertsonOnBoard_timing_summary_postplace_pwropted.rpt"/>
  <File Type="PHYSOPT-DCP" Name="RobertsonOnBoard_physopt.dcp"/>
  <File Type="PHYSOPT-DRC" Name="RobertsonOnBoard_drc_physopted.rpt"/>
  <File Type="BITSTR-MSK" Name="RobertsonOnBoard.msk"/>
  <File Type="PHYSOPT-TIMING" Name="RobertsonOnBoard_timing_summary_physopted.rpt"/>
  <File Type="ROUTE-ERROR-DCP" Name="RobertsonOnBoard_routed_error.dcp"/>
  <File Type="ROUTE-DCP" Name="RobertsonOnBoard_routed.dcp"/>
  <File Type="ROUTE-BLACKBOX-DCP" Name="RobertsonOnBoard_routed_bb.dcp"/>
  <File Type="ROUTE-DRC" Name="RobertsonOnBoard_drc_routed.rpt"/>
  <File Type="ROUTE-DRC-PB" Name="RobertsonOnBoard_drc_routed.pb"/>
  <File Type="BITSTR-LTX" Name="debug_nets.ltx"/>
  <File Type="BITSTR-LTX" Name="RobertsonOnBoard.ltx"/>
  <File Type="ROUTE-DRC-RPX" Name="RobertsonOnBoard_drc_routed.rpx"/>
  <File Type="BITSTR-MMI" Name="RobertsonOnBoard.mmi"/>
  <File Type="ROUTE-METHODOLOGY-DRC" Name="RobertsonOnBoard_methodology_drc_routed.rpt"/>
  <File Type="ROUTE-METHODOLOGY-DRC-RPX" Name="RobertsonOnBoard_methodology_drc_routed.rpx"/>
  <File Type="BITSTR-SYSDEF" Name="RobertsonOnBoard.sysdef"/>
  <File Type="ROUTE-METHODOLOGY-DRC-PB" Name="RobertsonOnBoard_methodology_drc_routed.pb"/>
  <File Type="ROUTE-PWR-RPX" Name="RobertsonOnBoard_power_routed.rpx"/>
  <File Type="ROUTE-STATUS" Name="RobertsonOnBoard_route_status.rpt"/>
  <File Type="ROUTE-STATUS-PB" Name="RobertsonOnBoard_route_status.pb"/>
  <File Type="ROUTE-TIMINGSUMMARY" Name="RobertsonOnBoard_timing_summary_routed.rpt"/>
  <File Type="ROUTE-TIMING-PB" Name="RobertsonOnBoard_timing_summary_routed.pb"/>
  <File Type="ROUTE-TIMING-RPX" Name="RobertsonOnBoard_timing_summary_routed.rpx"/>
  <File Type="ROUTE-SIMILARITY" Name="RobertsonOnBoard_incremental_reuse_routed.rpt"/>
  <File Type="ROUTE-CLK" Name="RobertsonOnBoard_clock_utilization_routed.rpt"/>
  <File Type="ROUTE-BUS-SKEW" Name="RobertsonOnBoard_bus_skew_routed.rpt"/>
  <File Type="ROUTE-BUS-SKEW-PB" Name="RobertsonOnBoard_bus_skew_routed.pb"/>
  <File Type="ROUTE-BUS-SKEW-RPX" Name="RobertsonOnBoard_bus_skew_routed.rpx"/>
  <File Type="POSTROUTE-PHYSOPT-DCP" Name="RobertsonOnBoard_postroute_physopt.dcp"/>
  <File Type="POSTROUTE-PHYSOPT-BLACKBOX-DCP" Name="RobertsonOnBoard_postroute_physopt_bb.dcp"/>
  <File Type="POSTROUTE-PHYSOPT-TIMING" Name="RobertsonOnBoard_timing_summary_postroute_physopted.rpt"/>
  <File Type="POSTROUTE-PHYSOPT-TIMING-PB" Name="RobertsonOnBoard_timing_summary_postroute_physopted.pb"/>
  <File Type="POSTROUTE-PHYSOPT-TIMING-RPX" Name="RobertsonOnBoard_timing_summary_postroute_physopted.rpx"/>
  <File Type="POSTROUTE-PHYSOPT-BUS-SKEW" Name="RobertsonOnBoard_bus_skew_postroute_physopted.rpt"/>
  <File Type="POSTROUTE-PHYSOPT-BUS-SKEW-PB" Name="RobertsonOnBoard_bus_skew_postroute_physopted.pb"/>
  <File Type="BG-BIT" Name="RobertsonOnBoard.bit"/>
  <File Type="POSTROUTE-PHYSOPT-BUS-SKEW-RPX" Name="RobertsonOnBoard_bus_skew_postroute_physopted.rpx"/>
  <File Type="BITSTR-RBT" Name="RobertsonOnBoard.rbt"/>
  <File Type="BITSTR-NKY" Name="RobertsonOnBoard.nky"/>
  <File Type="BG-DRC" Name="RobertsonOnBoard.drc"/>
  <File Type="RDI-RDI" Name="RobertsonOnBoard.vdi"/>
  <File Type="WBT-USG" Name="usage_statistics_webtalk.html"/>
  <FileSet Name="sources" Type="DesignSrcs" RelSrcDir="$PSRCDIR/sources_1">
    <Filter Type="Srcs"/>
    <File Path="$PSRCDIR/sources_1/new/ButtonDebouncer.vhd">
      <FileInfo>
        <Attr Name="UsedIn" Val="synthesis"/>
        <Attr Name="UsedIn" Val="simulation"/>
      </FileInfo>
    </File>
    <File Path="$PSRCDIR/sources_1/imports/RobertsonMultiplier/FFD.vhd">
      <FileInfo>
        <Attr Name="ImportPath" Val="$PPRDIR/../../RobertsonMultiplier/FFD.vhd"/>
        <Attr Name="ImportTime" Val="1642703055"/>
        <Attr Name="UsedIn" Val="synthesis"/>
        <Attr Name="UsedIn" Val="simulation"/>
      </FileInfo>
    </File>
    <File Path="$PSRCDIR/sources_1/imports/RobertsonMultiplier/Robertson.vhd">
      <FileInfo>
        <Attr Name="ImportPath" Val="$PPRDIR/../../RobertsonMultiplier/Robertson.vhd"/>
        <Attr Name="ImportTime" Val="1642703055"/>
        <Attr Name="UsedIn" Val="synthesis"/>
        <Attr Name="UsedIn" Val="simulation"/>
      </FileInfo>
    </File>
    <File Path="$PSRCDIR/sources_1/imports/RobertsonMultiplier/adder_sub.vhd">
      <FileInfo>
        <Attr Name="ImportPath" Val="$PPRDIR/../../RobertsonMultiplier/adder_sub.vhd"/>
        <Attr Name="ImportTime" Val="1642703055"/>
        <Attr Name="UsedIn" Val="synthesis"/>
        <Attr Name="UsedIn" Val="simulation"/>
      </FileInfo>
    </File>
    <File Path="$PSRCDIR/sources_1/imports/Display7Seg - Vivado/anodes_manager.vhd">
      <FileInfo>
        <Attr Name="ImportPath" Val="$PPRDIR/../ASD/ESEMPI VHDL/ROMonDisplay/ROMonDisplay/ROMonDisplay.srcs/sources_1/imports/Display7Seg - Vivado/anodes_manager.vhd"/>
        <Attr Name="ImportTime" Val="1636814303"/>
        <Attr Name="UsedIn" Val="synthesis"/>
        <Attr Name="UsedIn" Val="simulation"/>
      </FileInfo>
    </File>
    <File Path="$PSRCDIR/sources_1/imports/Display7Seg - Vivado/cathodes_manager.vhd">
      <FileInfo>
        <Attr Name="ImportPath" Val="$PPRDIR/../ASD/ESEMPI VHDL/ROMonDisplay/ROMonDisplay/ROMonDisplay.srcs/sources_1/imports/Display7Seg - Vivado/cathodes_manager.vhd"/>
        <Attr Name="ImportTime" Val="1636814303"/>
        <Attr Name="UsedIn" Val="synthesis"/>
        <Attr Name="UsedIn" Val="simulation"/>
      </FileInfo>
    </File>
    <File Path="$PSRCDIR/sources_1/imports/Display7Seg - Vivado/clock_filter.vhd">
      <FileInfo>
        <Attr Name="ImportPath" Val="$PPRDIR/../ASD/ESEMPI VHDL/ROMonDisplay/ROMonDisplay/ROMonDisplay.srcs/sources_1/imports/Display7Seg - Vivado/clock_filter.vhd"/>
        <Attr Name="ImportTime" Val="1636814303"/>
        <Attr Name="UsedIn" Val="synthesis"/>
        <Attr Name="UsedIn" Val="simulation"/>
      </FileInfo>
    </File>
    <File Path="$PSRCDIR/sources_1/imports/RobertsonMultiplier/cont_mod8.vhd">
      <FileInfo>
        <Attr Name="ImportPath" Val="$PPRDIR/../../RobertsonMultiplier/cont_mod8.vhd"/>
        <Attr Name="ImportTime" Val="1642703055"/>
        <Attr Name="UsedIn" Val="synthesis"/>
        <Attr Name="UsedIn" Val="simulation"/>
      </FileInfo>
    </File>
    <File Path="$PSRCDIR/sources_1/new/converter_bin_to_dec.vhd">
      <FileInfo>
        <Attr Name="ImportPath" Val="$PPRDIR/../Robertson_MULTIP/Robertson_MULTIP.srcs/sources_1/new/converter_bin_to_dec.vhd"/>
        <Attr Name="ImportTime" Val="1643467854"/>
        <Attr Name="UsedIn" Val="synthesis"/>
        <Attr Name="UsedIn" Val="simulation"/>
      </FileInfo>
    </File>
    <File Path="$PSRCDIR/sources_1/imports/Display7Seg - Vivado/counter_mod4.vhd">
      <FileInfo>
        <Attr Name="ImportPath" Val="$PPRDIR/../ASD/ESEMPI VHDL/ROMonDisplay/ROMonDisplay/ROMonDisplay.srcs/sources_1/imports/Display7Seg - Vivado/counter_mod4.vhd"/>
        <Attr Name="ImportTime" Val="1636814303"/>
        <Attr Name="UsedIn" Val="synthesis"/>
        <Attr Name="UsedIn" Val="simulation"/>
      </FileInfo>
    </File>
    <File Path="$PSRCDIR/sources_1/imports/Display7Seg - Vivado/display_seven_segments.vhd">
      <FileInfo>
        <Attr Name="ImportPath" Val="$PPRDIR/../ASD/ESEMPI VHDL/ROMonDisplay/ROMonDisplay/ROMonDisplay.srcs/sources_1/imports/Display7Seg - Vivado/display_seven_segments.vhd"/>
        <Attr Name="ImportTime" Val="1636814303"/>
        <Attr Name="UsedIn" Val="synthesis"/>
        <Attr Name="UsedIn" Val="simulation"/>
      </FileInfo>
    </File>
    <File Path="$PSRCDIR/sources_1/imports/RobertsonMultiplier/full_adder.vhd">
      <FileInfo>
        <Attr Name="ImportPath" Val="$PPRDIR/../../RobertsonMultiplier/full_adder.vhd"/>
        <Attr Name="ImportTime" Val="1642703055"/>
        <Attr Name="UsedIn" Val="synthesis"/>
        <Attr Name="UsedIn" Val="simulation"/>
      </FileInfo>
    </File>
    <File Path="$PSRCDIR/sources_1/imports/RobertsonMultiplier/mux_21.vhd">
      <FileInfo>
        <Attr Name="ImportPath" Val="$PPRDIR/../../RobertsonMultiplier/mux_21.vhd"/>
        <Attr Name="ImportTime" Val="1642703055"/>
        <Attr Name="UsedIn" Val="synthesis"/>
        <Attr Name="UsedIn" Val="simulation"/>
      </FileInfo>
    </File>
    <File Path="$PSRCDIR/sources_1/imports/RobertsonMultiplier/registro8.vhd">
      <FileInfo>
        <Attr Name="ImportPath" Val="$PPRDIR/../../RobertsonMultiplier/registro8.vhd"/>
        <Attr Name="ImportTime" Val="1642703055"/>
        <Attr Name="UsedIn" Val="synthesis"/>
        <Attr Name="UsedIn" Val="simulation"/>
      </FileInfo>
    </File>
    <File Path="$PSRCDIR/sources_1/imports/RobertsonMultiplier/ripple_carry.vhd">
      <FileInfo>
        <Attr Name="ImportPath" Val="$PPRDIR/../../RobertsonMultiplier/ripple_carry.vhd"/>
        <Attr Name="ImportTime" Val="1642703055"/>
        <Attr Name="UsedIn" Val="synthesis"/>
        <Attr Name="UsedIn" Val="simulation"/>
      </FileInfo>
    </File>
    <File Path="$PSRCDIR/sources_1/imports/RobertsonMultiplier/shift_register.vhd">
      <FileInfo>
        <Attr Name="ImportPath" Val="$PPRDIR/../../RobertsonMultiplier/shift_register.vhd"/>
        <Attr Name="ImportTime" Val="1642703056"/>
        <Attr Name="UsedIn" Val="synthesis"/>
        <Attr Name="UsedIn" Val="simulation"/>
      </FileInfo>
    </File>
    <File Path="$PSRCDIR/sources_1/imports/RobertsonMultiplier/unita_controllo.vhd">
      <FileInfo>
        <Attr Name="ImportPath" Val="$PPRDIR/../../RobertsonMultiplier/unita_controllo.vhd"/>
        <Attr Name="ImportTime" Val="1642703056"/>
        <Attr Name="UsedIn" Val="synthesis"/>
        <Attr Name="UsedIn" Val="simulation"/>
      </FileInfo>
    </File>
    <File Path="$PSRCDIR/sources_1/imports/RobertsonMultiplier/unita_operativa.vhd">
      <FileInfo>
        <Attr Name="ImportPath" Val="$PPRDIR/../../RobertsonMultiplier/unita_operativa.vhd"/>
        <Attr Name="ImportTime" Val="1642703056"/>
        <Attr Name="UsedIn" Val="synthesis"/>
        <Attr Name="UsedIn" Val="simulation"/>
      </FileInfo>
    </File>
    <File Path="$PSRCDIR/sources_1/new/RobertsonOnBoard.vhd">
      <FileInfo>
        <Attr Name="ImportPath" Val="$PPRDIR/../Robertson_MULTIP/Robertson_MULTIP.srcs/sources_1/new/RobertsonOnBoard.vhd"/>
        <Attr Name="ImportTime" Val="1643467854"/>
        <Attr Name="UsedIn" Val="synthesis"/>
        <Attr Name="UsedIn" Val="simulation"/>
      </FileInfo>
    </File>
    <Config>
      <Option Name="DesignMode" Val="RTL"/>
      <Option Name="TopModule" Val="RobertsonOnBoard"/>
      <Option Name="TopAutoSet" Val="TRUE"/>
    </Config>
  </FileSet>
  <FileSet Name="constrs_in" Type="Constrs" RelSrcDir="$PSRCDIR/constrs_1">
    <Filter Type="Constrs"/>
    <File Path="$PSRCDIR/constrs_1/imports/digilent-xdc-master/Nexys-A7-100T-Master.xdc">
      <FileInfo>
        <Attr Name="ImportPath" Val="$PPRDIR/../ASD/Progetti tesina/Cronometro_v4/Cronometro_v4.srcs/constrs_1/imports/digilent-xdc-master/Nexys-A7-100T-Master.xdc"/>
        <Attr Name="ImportTime" Val="1638986392"/>
        <Attr Name="UsedIn" Val="synthesis"/>
        <Attr Name="UsedIn" Val="implementation"/>
      </FileInfo>
    </File>
    <Config>
      <Option Name="ConstrsType" Val="XDC"/>
    </Config>
  </FileSet>
  <FileSet Name="utils" Type="Utils" RelSrcDir="$PSRCDIR/utils_1">
    <Filter Type="Utils"/>
    <Config>
      <Option Name="TopAutoSet" Val="TRUE"/>
    </Config>
  </FileSet>
  <Strategy Version="1" Minor="2">
    <StratHandle Name="Vivado Implementation Defaults" Flow="Vivado Implementation 2019"/>
    <Step Id="init_design"/>
    <Step Id="opt_design"/>
    <Step Id="power_opt_design"/>
    <Step Id="place_design"/>
    <Step Id="post_place_power_opt_design"/>
    <Step Id="phys_opt_design"/>
    <Step Id="route_design"/>
    <Step Id="post_route_phys_opt_design"/>
    <Step Id="write_bitstream"/>
  </Strategy>
</GenRun>
